rule,action,phase,signals,frequency,edge_6h,t_6h,hit_6h,edge_24h,t_24h,hit_24h,edge_72h,t_72h,hit_72h,edge_mean,good_horizons,enough_signals,selective,keep,bars,reason
FIB_618_SHORT,SHORT,market,3,0.00017152658662092623,0.9617152186672367,0.49414591307341055,0.3333333333333333,1.3042326181886486,0.5859186786437969,0.3333333333333333,-0.05354230184176978,-0.010425855238770636,0.6666666666666666,0.7374685116713717,0,False,True,False,17490,too few signals
ANTI_WHALE_EXIT,EXIT,market,68,0.0038879359634076617,0.31239186695894056,1.20008199695634,0.5147058823529411,1.015479624902585,2.1407981114465366,0.5882352941176471,0.8455560676573505,1.3339062729121083,0.5970149253731343,0.7244758531729586,1,False,True,False,17490,too few signals
EMERGENCY_EXIT_02,EXIT100,market,66,0.0037735849056603774,0.3331948593807706,1.2440355968746815,0.5303030303030303,1.0051598997062008,2.0598171134576893,0.5757575757575758,0.7892988054987736,1.2162513326706066,0.6,0.7092178548619149,1,False,True,False,17490,too few signals
SWING_REVERSAL_BUY,LONG,market,760,0.04345340194396798,0.10934544853397817,1.5078387358237566,0.5763157894736842,0.3459688740521495,2.2575768718306186,0.5744400527009222,0.772904700257312,3.1879946287270866,0.5576158940397351,0.4094063409478132,3,True,True,True,17490,kept
TREND_RESUME_04,LONG,market,75,0.004288164665523156,0.319912476455197,1.5531222546740215,0.41333333333333333,0.412434764562286,0.9290804053301177,0.52,0.43991492711608715,0.6854102539383058,0.48,0.39075405604452335,1,False,True,False,17490,too few signals
FAILED_WAVE,EXIT,market,138,0.007890222984562607,0.06427329570686333,0.32341302482562856,0.5144927536231884,0.35302182304720214,0.8231762736772552,0.5217391304347826,0.7258514013531039,1.1982200658864115,0.5072463768115942,0.3810488400357231,0,True,True,False,17490,no consistent edge
BOS_CONTINUE_SHORT,SHORT,market,220,0.012578616352201259,0.13264405670818782,0.8295575540948241,0.509090909090909,0.36113898154746005,1.0933520611496905,0.4863636363636364,0.5978778208613629,1.2868092354076603,0.5590909090909091,0.3638869530390036,0,True,True,False,17490,no consistent edge
SUPPORT_MAJOR,LONG,market,1358,0.07764436821040595,0.12185737676839965,1.393630908580016,0.5368188512518409,0.325303150986501,2.0560901149707287,0.561119293078056,0.6224975667199917,2.641288857297763,0.5427098674521355,0.35655269815829743,2,True,True,True,17490,kept
MULTI_SWING_BUY_01,LONG,market,231,0.013207547169811321,0.05318931152554167,0.41090549295218465,0.47619047619047616,0.32451400456031754,1.1922025490845822,0.4935064935064935,0.5113541412314582,1.1512295018234149,0.49783549783549785,0.2963524857724391,0,True,True,False,17490,no consistent edge
RESISTANCE_BREAK,LONG,market,219,0.012521440823327616,0.039564459255245724,0.2675200257547971,0.4292237442922374,0.2802658318882931,0.9588995373884226,0.4520547945205479,0.4883760230084302,1.0455523409374794,0.5296803652968036,0.269402104717323,0,True,True,False,17490,no consistent edge
STRUCTURE_FAILURE_SHORT,EXIT100,market,1169,0.06683819325328759,-0.0651010384817866,-1.2731584362547848,0.5115483319076134,0.1834332028089556,1.5822184079100248,0.5081266039349872,0.6783958629670124,3.9330719746537595,0.5269461077844312,0.26557600909806045,2,True,True,True,17490,kept
BOS_CONTINUE_LONG,LONG,market,163,0.00931961120640366,0.244861322285512,1.6281187600824083,0.49693251533742333,0.376490255160293,1.2259663514840133,0.5398773006134969,0.042097085692578196,0.08094355999158578,0.5214723926380368,0.22114955437946104,1,True,True,False,17490,no consistent edge
PRESSURE_EXHAUSTION,EXIT50,market,1561,0.08925100057175529,0.06081778485233353,1.286475092503464,0.5137908915971777,0.17643416859259697,1.7248557835842449,0.5134788189987163,0.4110340297877705,2.4375567445354904,0.5292981326464906,0.21609532774423368,2,True,True,True,17490,kept
STRUCTURE_WEAKENING,EXIT,market,499,0.028530588907947397,0.09303999147456372,1.1309414329002685,0.5150300601202404,0.344830238206982,2.195374618787531,0.531062124248497,0.2077235168627517,0.8129854819373645,0.5222672064777328,0.21519791551476578,1,True,True,False,17490,no consistent edge
EMERGENCY_EXIT_04,EXIT100,market,2284,0.13058890794739852,0.012079610834897017,0.3195379819520504,0.4951838879159369,0.25131510469599494,2.981226838070133,0.5083187390542907,0.36195647593713953,2.822934337542328,0.5257595772787318,0.20845039715601046,2,True,True,True,17490,kept
MARUBOZU_BULL,LONG,market,570,0.032590051457975985,0.022807522216728257,0.2552048149522814,0.4666666666666667,0.10406929433406531,0.6251197535170591,0.5017543859649123,0.48269913349937577,1.7163292875324125,0.5175438596491229,0.20319198335005648,1,True,True,False,17490,no consistent edge
DELTA_EXHAUSTION,EXIT50,market,1624,0.09285305889079475,0.05418236701340781,1.1526257889056555,0.5135635018495684,0.17855958464544497,1.7910843435887138,0.5200493522516965,0.37135844357474856,2.26230459138997,0.5278465346534653,0.20136679841120045,2,True,True,True,17490,kept
SMART_ACCUMULATION,LONG,market,87,0.004974271012006861,0.2088036922432912,0.9452705817231729,0.41379310344827586,0.13124898799413998,0.2942247384161018,0.5172413793103449,0.21520026271915338,0.3624692600020986,0.4827586206896552,0.18508431431886152,0,False,True,False,17490,too few signals
EMERGENCY_EXIT_01,EXIT100,market,1128,0.06449399656946826,0.054729916373593604,0.8719066396497794,0.5195035460992907,0.2271176012400418,1.6944035650621954,0.5323868677905945,0.26785115339958954,1.3158818451053227,0.5307212822796082,0.18323289033774168,1,True,True,False,17490,no consistent edge
MASTER_FORCE_EXIT,EXIT100,score,3446,0.19702687249857062,0.00923984195607426,0.2808174493417036,0.5055136390017412,0.19149214403425083,2.687236584379519,0.5152394775036284,0.33084002832708304,3.034007936389911,0.5249343832020997,0.17719067143913603,2,True,True,True,17490,kept
MASTER_EXIT_ALL,EXIT100,score,3446,0.19702687249857062,0.00923984195607426,0.2808174493417036,0.5055136390017412,0.19149214403425083,2.687236584379519,0.5152394775036284,0.33084002832708304,3.034007936389911,0.5249343832020997,0.17719067143913603,2,True,True,True,17490,kept
FORCE_CLOSE,EXIT100,score,3446,0.19702687249857062,0.00923984195607426,0.2808174493417036,0.5055136390017412,0.19149214403425083,2.687236584379519,0.5152394775036284,0.33084002832708304,3.034007936389911,0.5249343832020997,0.17719067143913603,2,True,True,True,17490,kept
FIB_786_SHORT,SHORT,market,1262,0.0721555174385363,-0.02526873726397541,-0.4414782889123003,0.4960380348652932,0.11357405005835414,0.899093434750977,0.4722222222222222,0.42500677967134115,1.9718693931958258,0.5051628276409849,0.17110403082190662,1,True,True,False,17490,no consistent edge
EARLY_WAVE_LONG,LONG,market,1881,0.10754716981132076,0.03374178577384787,0.6739630531364859,0.49016480595427964,0.19720040881101963,2.1698658187180557,0.5013290802764487,0.2505245908412337,1.7369523999148644,0.5117647058823529,0.16048892847536708,2,True,True,True,17490,kept
STRUCTURE_FAILURE_LONG,EXIT100,market,1115,0.06375071469411092,0.09299815706915988,1.6666161009204377,0.4780269058295964,0.32248456057576974,2.6288007906605726,0.5085201793721973,0.026278033615976693,0.1381643338262199,0.5245009074410163,0.14725358375363543,2,True,True,True,17490,kept
ENERGY_WALL,EXIT50,market,404,0.0230989136649514,-0.15054941969901742,-1.3479391551082764,0.5123762376237624,0.16528732043272726,0.7387916379808841,0.49504950495049505,0.34886167683710523,1.1487268250197884,0.5235732009925558,0.1211998591902717,0,True,True,False,17490,no consistent edge
DNA_DISTRIBUTION_01,SHORT,market,1021,0.058376214979988565,-0.012815871916426524,-0.20931149301768337,0.4838393731635651,-0.029583735430144142,-0.25507314123832553,0.5044160942100098,0.28554661511643076,1.4501134781846716,0.5113524185587365,0.08104900258995336,0,True,True,False,17490,no consistent edge
SELL_LIQUIDITY_GRAB,SHORT,market,389,0.02224128073184677,-0.09329232093618721,-1.0287131020433398,0.5398457583547558,-0.1356558109228742,-0.6702440286377648,0.5335051546391752,0.44878254657511407,1.3658659264217379,0.520618556701031,0.07327813823868422,0,True,True,False,17490,no consistent edge
MASTER_EXIT_75,EXIT75,score,6095,0.3484848484848485,-0.02565184111976028,-1.007846161678181,0.5081214109926169,0.07705401617223234,1.4428768098737657,0.517479074347612,0.11737609067905308,1.386808193591734,0.5120184392492592,0.05625942191050839,0,True,True,False,17490,no consistent edge
REDUCE_POSITION_75,EXIT75,score,6095,0.3484848484848485,-0.02565184111976028,-1.007846161678181,0.5081214109926169,0.07705401617223234,1.4428768098737657,0.517479074347612,0.11737609067905308,1.386808193591734,0.5120184392492592,0.05625942191050839,0,True,True,False,17490,no consistent edge
EXIT_Q4,EXIT100,score,6095,0.3484848484848485,-0.02565184111976028,-1.007846161678181,0.5081214109926169,0.07705401617223234,1.4428768098737657,0.517479074347612,0.11737609067905308,1.386808193591734,0.5120184392492592,0.05625942191050839,0,True,True,False,17490,no consistent edge
SWING_REVERSAL,EXIT75,market,839,0.04797026872498571,-0.01791363402942582,-0.2993415264444085,0.5470798569725864,0.17100951934132191,1.2776608742541495,0.5613825983313468,-0.0026699184137704,-0.01181189205995964,0.5178997613365155,0.050141988966041905,0,True,True,False,17490,no consistent edge
FIB_786_LONG,LONG,market,767,0.043853630646083476,0.12338767809538605,1.7353921852181073,0.4869451697127937,-0.032486538229983875,-0.1840054756633452,0.49476439790575916,0.04255366580408926,0.15854300177406036,0.4941022280471822,0.0444849352231638,1,True,True,False,17490,no consistent edge
ANTI_BOS,EXIT,market,221,0.0126357918810749,-0.0368612420457632,-0.286720413041006,0.497737556561086,0.0707904028615175,0.24866855298677573,0.4660633484162896,0.07420378176031173,0.14917791899418606,0.5339366515837104,0.03604431419202201,0,True,True,False,17490,no consistent edge
ENTRY_Q1,LONG,score,2451,0.14013722126929673,-0.027758404545656444,-0.6715095637166927,0.483265306122449,0.061719930670104894,0.7654835171003613,0.4983646770237122,0.04727356019245499,0.35355610654201397,0.4926289926289926,0.02707836210563448,0,True,True,False,17490,no consistent edge
FAILED_BOS_LONG,SHORT,market,93,0.005317324185248714,-0.034948819140423165,-0.18996001190174736,0.4946236559139785,-0.010007240302148113,-0.023389419455451598,0.44086021505376344,0.10762225041554874,0.13180240334854543,0.5376344086021505,0.02088873032432582,0,False,True,False,17490,too few signals
HIST200_BUY,LONG,market,132,0.007547169811320755,0.19842991387013537,0.6079584757953469,0.5984848484848485,-0.003073798374401193,-0.004948344836922453,0.6212121212121212,-0.14170059555717973,-0.17877414529557073,0.5648854961832062,0.01788517331285148,0,True,True,False,17490,no consistent edge
LATE_WAVE_EXIT,EXIT,market,5510,0.31503716409376786,0.004472231105505903,0.15811784153789493,0.5065335753176043,0.09980434976034153,1.7287801734375186,0.5158066860465116,-0.056818633045315536,-0.620046787543012,0.5027312454479242,0.015819315940177298,1,True,True,False,17490,no consistent edge
FIB_236_SHORT,SHORT,market,1920,0.1097770154373928,0.04358468703980169,0.9886090754913202,0.5,0.08571015248023711,0.9959614317396075,0.5260416666666666,-0.12040703979619294,-0.8104525112013493,0.5,0.0029625999079486154,0,True,True,False,17490,no consistent edge
EXIT_Q2,EXIT50,score,10936,0.6252715837621498,-0.014073688253920719,-0.7256457847896483,0.5046190432635141,0.012595646611358313,0.3212798778174671,0.5092007690195002,0.010105504514943409,0.15617099912465557,0.502800991826614,0.0028758209574603344,0,True,False,False,17490,fires too often
MASTER_EXIT_25,EXIT25,score,10936,0.6252715837621498,-0.014073688253920719,-0.7256457847896483,0.5046190432635141,0.012595646611358313,0.3212798778174671,0.5092007690195002,0.010105504514943409,0.15617099912465557,0.502800991826614,0.0028758209574603344,0,True,False,False,17490,fires too often
EXIT_Q3,EXIT75,score,8542,0.48839336763865066,-0.018971592070554502,-0.8719756866844105,0.5074941451990632,0.0183471970623032,0.40480520867499886,0.5119549929676512,0.0038486208449557413,0.0530155435379861,0.5009409550693954,0.0010747419455681463,0,True,False,False,17490,fires too often
MASTER_EXIT_50,EXIT50,score,8542,0.48839336763865066,-0.018971592070554502,-0.8719756866844105,0.5074941451990632,0.0183471970623032,0.40480520867499886,0.5119549929676512,0.0038486208449557413,0.0530155435379861,0.5009409550693954,0.0010747419455681463,0,True,False,False,17490,fires too often
REDUCE_POSITION_50,EXIT50,score,8542,0.48839336763865066,-0.018971592070554502,-0.8719756866844105,0.5074941451990632,0.0183471970623032,0.40480520867499886,0.5119549929676512,0.0038486208449557413,0.0530155435379861,0.5009409550693954,0.0010747419455681463,0,True,False,False,17490,fires too often
EXIT_Q1,EXIT25,score,11274,0.6445969125214408,-0.014416742807368613,-0.7420677431336913,0.505811374323485,0.004439580494495221,0.11478977310426693,0.5088358049906758,-0.0017122865377070529,-0.02689535053588184,0.5019597363263851,-0.0038964829501934813,0,True,False,False,17490,fires too often
FIB_500_SHORT,SHORT,market,3,0.00017152658662092623,1.1143210127881669,0.5946235938179468,0.3333333333333333,0.6681078478033513,0.2629733121683142,0.3333333333333333,-1.8035362199930556,-0.3530173579860443,0.3333333333333333,-0.007035786467179135,0,False,True,False,17490,too few signals
REDUCE_POSITION_25,EXIT25,score,10361,0.5923956546598056,-0.02057801770109191,-1.0316636373562422,0.5027997682950377,0.006481097450280415,0.16166683960780043,0.5091313170354623,-0.014188542142429261,-0.21388785491078802,0.5016479255525398,-0.009428487464413585,0,True,False,False,17490,fires too often
ANTI_LATE_WAVE,EXIT,market,4745,0.2712978845054317,0.010094775292699573,0.33524746286621304,0.5104320337197049,0.08717064919232131,1.4288393896062268,0.5183544303797468,-0.1396398498165239,-1.4611380426274558,0.5001057305984352,-0.014124808443834333,0,True,True,False,17490,no consistent edge
DEFENSE_01,EXIT10,score,7196,0.4114351057747284,-0.020363947788867742,-0.8773575360036021,0.5096594857539958,-0.021033846692989078,-0.43928648791388913,0.5077222763322666,-0.0044390289041069675,-0.055601059259949,0.5055819145967066,-0.015278941128654596,0,True,False,False,17490,fires too often
DNA_EXHAUSTION,EXIT,market,245,0.01400800457404231,-0.020745586324974627,-0.17711477950510257,0.5387755102040817,0.09699268476840947,0.4097803441560228,0.5346938775510204,-0.12832539019186684,-0.2796185245144611,0.5142857142857142,-0.017359430582810666,0,True,True,False,17490,no consistent edge
HIDDEN_EXHAUSTION,EXIT50,market,2763,0.15797598627787307,-0.014656785930040522,-0.401339515512497,0.5023525153818313,0.03368395840662075,0.4567813291793639,0.520463600144875,-0.08107001937636049,-0.624607439507272,0.5032679738562091,-0.02068094896659342,0,True,True,False,17490,no consistent edge
ANTI_FIBO,EXIT,market,1709,0.09771297884505431,0.02794433206750322,0.44458466743292135,0.4809830310122879,0.04225138038000881,0.3766447808147945,0.497366881217086,-0.14033581172445753,-0.8794345238669836,0.5079740106320142,-0.023380033092315167,0,True,True,False,17490,no consistent edge
TREND_RESUME_02,LONG,market,548,0.03133218982275586,-0.047419083655815444,-0.6283832096355244,0.44343065693430656,-0.022659154817941507,-0.1498472255135755,0.4562043795620438,-0.014128427303837787,-0.054285151793076754,0.4926739926739927,-0.02806888859253158,0,True,True,False,17490,no consistent edge
TREND_RESUME_03,LONG,market,548,0.03133218982275586,-0.047419083655815444,-0.6283832096355244,0.44343065693430656,-0.022659154817941507,-0.1498472255135755,0.4562043795620438,-0.014128427303837787,-0.054285151793076754,0.4926739926739927,-0.02806888859253158,0,True,True,False,17490,no consistent edge
SHOOTING_SELL,SHORT,market,735,0.04202401372212693,0.004980716840016011,0.06675237998315736,0.49387755102040815,-0.02052807442280241,-0.14723225498037604,0.519781718963165,-0.07664143091535291,-0.32442611135138993,0.4918032786885246,-0.03072959616604644,0,True,True,False,17490,no consistent edge
DEFENSE_02,EXIT25,score,6510,0.37221269296740994,-0.007208454912834089,-0.2851720564615049,0.5134470570155217,-0.04860649233780362,-0.953728889378551,0.5076142131979695,-0.051908571278767024,-0.6124671364807274,0.5013103129335594,-0.03590783950980158,0,True,False,False,17490,fires too often
EARLY_EXHAUSTION_SELL,EXIT25,market,4199,0.2400800457404231,-0.01654115531037549,-0.5561857006597011,0.5100047641734159,-0.052208533635580756,-0.9117305881985279,0.5137133317433819,-0.06973915925264462,-0.6767515084101402,0.5,-0.046162949399533616,0,True,True,False,17490,no consistent edge
ANTI_MOMENTUM,EXIT,market,4199,0.2400800457404231,-0.01654115531037549,-0.5561857006597011,0.5100047641734159,-0.052208533635580756,-0.9117305881985279,0.5137133317433819,-0.06973915925264462,-0.6767515084101402,0.5,-0.046162949399533616,0,True,True,False,17490,no consistent edge
FAILED_BOS_SHORT,LONG,market,128,0.007318467695826186,0.038250736812924374,0.21511502042595246,0.5,-0.12949494047261817,-0.3389350640478225,0.515625,-0.04992317562799109,-0.08003498954047465,0.46875,-0.047055793095894964,0,True,True,False,17490,no consistent edge
EMERGENCY_EXIT_05,EXIT100,market,274,0.01566609491137793,-0.21081587344970554,-1.7376582744145248,0.45985401459854014,-0.35453977860952235,-1.4373701794664144,0.4927007299270073,0.4194362873711588,1.0260421467348961,0.5384615384615384,-0.048639788229356364,0,True,True,False,17490,no consistent edge
BOS_RETEST_LONG,LONG,market,400,0.022870211549456832,0.00029683427937569895,0.0037135105264889485,0.475,-0.20031062992734674,-1.1437129576801763,0.445,0.053468469327623724,0.1631957104291842,0.4825,-0.04884844210678244,0,True,True,False,17490,no consistent edge
TREND_RESUME_01,LONG,market,277,0.015837621497998857,-0.10679986424084531,-0.9427336432061769,0.4007220216606498,-0.001628062096501015,-0.0074744040323151606,0.4368231046931408,-0.057081460330362876,-0.16009852620075452,0.4690909090909091,-0.05516979555590307,0,True,True,False,17490,no consistent edge
MULTI_SWING_SELL_01,SHORT,market,386,0.022069754145225842,-0.09989564282810091,-1.067620484498231,0.5129533678756477,0.0368802724435906,0.19654251320624871,0.5129533678756477,-0.13438720756704559,-0.40891225598767045,0.4948186528497409,-0.06580085931718531,0,True,True,False,17490,no consistent edge
BARRIER_L3,EXIT50,market,539,0.030817610062893082,-0.0004424969220985925,-0.003613685317611615,0.5157699443413729,-0.10842469129017362,-0.42927275055349645,0.5102040816326531,-0.09856173961731729,-0.27646508026295447,0.45083487940630795,-0.0691429759431965,0,True,True,False,17490,no consistent edge
EMERGENCY_EXIT_03,EXIT100,market,116,0.006632361349342482,-0.07832356307686857,-0.4438038905056475,0.5517241379310345,-0.4221924734741228,-1.1996808307936688,0.5,0.27411456110957444,0.49454115883917676,0.5217391304347826,-0.07546715848047232,0,True,True,False,17490,no consistent edge
LOWER_LOW_CONTINUE,SHORT,market,505,0.02887364208118925,0.04983427620616577,0.6148290391305484,0.4891089108910891,-0.08570821366411896,-0.46929097467334707,0.48214285714285715,-0.22133716165820205,-0.7368819015702734,0.4930139720558882,-0.08573703303871842,0,True,True,False,17490,no consistent edge
EARLY_EXHAUSTION_BUY,EXIT25,market,2237,0.12790165809033732,-0.016771704545244223,-0.3900441046792146,0.5254919499105546,-0.053727761946887,-0.5770991075543528,0.5062667860340196,-0.1920078943280754,-1.2945388478930575,0.48765154916928605,-0.08750245360673554,0,True,True,False,17490,no consistent edge
RESISTANCE_MAJOR,EXIT,market,5817,0.332590051457976,-0.04633147937581779,-1.852380126815808,0.5048994326972667,-0.09016958301218514,-1.817601764012759,0.5122161046111493,-0.13349095677258105,-1.6296057682985934,0.4727619708535739,-0.08999733972019465,0,True,True,False,17490,no consistent edge
BUY_LIQUIDITY_GRAB,LONG,market,139,0.00794739851343625,-0.1010589694290335,-0.613334056385079,0.5107913669064749,-0.0008208437591420426,-0.002572006379359068,0.5683453237410072,-0.1829231917662234,-0.34232304032686,0.4744525547445255,-0.09493433498479964,0,True,True,False,17490,no consistent edge
FIB_382_SHORT,SHORT,market,2014,0.11515151515151516,0.017341539410760623,0.4463284396459205,0.49528067560854444,-0.1270974763517766,-1.6233447030008874,0.4975124378109453,-0.2003598627945966,-1.3863020126326877,0.5087194818136522,-0.1033719332452042,0,True,True,False,17490,no consistent edge
BULL_STRUCTURE,LONG,market,9585,0.5480274442538593,-0.04583846874804409,-2.370059966033851,0.4649973917579551,-0.13907830212808678,-3.615649802295714,0.4676056338028169,-0.19018755311902402,-2.8735431623382666,0.47363474992168736,-0.12503477466505164,0,True,False,False,17490,fires too often
ENTRY_Q2,LONG,score,992,0.056718124642652946,-0.023843677875653994,-0.3927587379828881,0.4717741935483871,-0.09788821701669778,-0.7476703528190322,0.4863498483316481,-0.26495196721839687,-1.253416793853343,0.48530901722391084,-0.1288946207035829,0,True,True,False,17490,no consistent edge
ENERGY_EXTREME,EXIT100,market,194,0.011092052601486563,-0.29957587900142457,-1.7511518915335915,0.5,-0.0904942497775929,-0.285306295326552,0.5103092783505154,-0.0239571005443997,-0.057240128561682334,0.5025906735751295,-0.13800907644113905,0,True,True,False,17490,no consistent edge
FIB_382_LONG,LONG,market,1061,0.06066323613493425,0.03997972416363964,0.7095486997000736,0.4825636192271442,-0.01680689830583848,-0.1471963742572645,0.5004712535344015,-0.44705663203977,-2.2081176522801416,0.4744318181818182,-0.14129460206065628,0,True,True,False,17490,no consistent edge
HAMMER_BUY,LONG,market,521,0.029788450543167526,-0.022022697917596937,-0.23965805477711763,0.4740882917466411,-0.253551617061278,-1.460799096843671,0.4480769230769231,-0.17766497542949822,-0.5922779026751237,0.4874274661508704,-0.1510797634694577,0,True,True,False,17490,no consistent edge
MOMENTUM_END,EXIT50,market,4613,0.26375071469411093,-0.034664627126013384,-1.0913700154227286,0.4947939262472885,-0.1847989752633159,-2.9639922447311733,0.49304952215464815,-0.23783641554081814,-2.178684092967289,0.4915291051259774,-0.15243333931004913,0,True,True,False,17490,no consistent edge
BARRIER_L1,EXIT10,market,4855,0.2775871926815323,-0.039000799182335455,-1.273340973931625,0.525643666323378,-0.13683421893269548,-2.262932820247181,0.5066996495567924,-0.28426719047021365,-2.8381007185404217,0.49215200330441966,-0.1533674028617482,0,True,True,False,17490,no consistent edge
BEAR_STRUCTURE,SHORT,market,7869,0.44991423670668956,-0.05754306641538072,-2.3898869247801513,0.4788248760015261,-0.17679645940851263,-3.6490735860773524,0.4778840025493945,-0.22706057622264586,-2.8569726777750137,0.47713004484304933,-0.15380003401551307,0,True,False,False,17490,fires too often
HIGHER_LOW,LONG,market,641,0.03664951400800458,-0.05105896796061134,-0.6818848950948434,0.44617784711388453,-0.14820294383200905,-0.983481802171074,0.43213728549141966,-0.3248114269483884,-1.2425088028355482,0.46177847113884557,-0.1746911129136696,0,True,True,False,17490,no consistent edge
HIGHER_HIGH_CONTINUE,LONG,market,604,0.03453401943967982,-0.024863763373043572,-0.3216575842091754,0.47019867549668876,-0.2205511773677451,-1.4568535001026621,0.4685430463576159,-0.280586689709881,-1.0435621281467913,0.45695364238410596,-0.17533387681688986,0,True,True,False,17490,no consistent edge
MARUBOZU_BEAR,SHORT,market,589,0.03367638650657519,-0.03119445400054849,-0.3654276076693076,0.5365025466893039,-0.08801808017819218,-0.5407786758444646,0.4940577249575552,-0.46172354402101834,-1.7083743701057148,0.47368421052631576,-0.19364535939991967,0,True,True,False,17490,no consistent edge
DNA_ACCUMULATION_01,LONG,market,709,0.04053744997141224,-0.05941229617001585,-0.7856171900330022,0.46685472496473907,-0.18170801428592917,-1.2634647128925214,0.4703389830508475,-0.35878307943555887,-1.442494279542933,0.4745042492917847,-0.19996779663050127,0,True,True,False,17490,no consistent edge
ENTRY_Q3,LONG,score,316,0.018067467124070896,-0.13568313759116546,-1.5354594517096005,0.439873417721519,-0.1859169779614213,-0.9060074880315458,0.4778481012658228,-0.30921720090862437,-0.884557968703085,0.49050632911392406,-0.2102724388204037,0,True,True,False,17490,no consistent edge
BOS_RETEST_SHORT,SHORT,market,338,0.019325328759291025,0.200124055353399,1.9324903009100471,0.5443786982248521,-0.24542414541388247,-1.0673604010915685,0.47928994082840237,-0.6164141779198813,-1.7764014330835411,0.4688427299703264,-0.22057142266012156,1,True,True,False,17490,no consistent edge
BARRIER_L2,EXIT25,market,1383,0.079073756432247,-0.1181159474842574,-1.6190242343562098,0.5169920462762111,-0.4625361708449255,-3.343064636402335,0.4895155459146782,-0.18869928574314,-0.92003579520367,0.4703328509406657,-0.2564504680241076,0,True,True,False,17490,no consistent edge
HIST1000_SELL,SHORT,market,347,0.019839908519153803,-0.22772193058614243,-2.104489517116616,0.5043227665706052,-0.794451980063335,-3.2441431246163432,0.4899135446685879,0.25125300481396473,0.6793012811335233,0.4899135446685879,-0.2569736352785042,0,True,True,False,17490,no consistent edge
MAJOR_SUPPLY,EXIT100,market,347,0.019839908519153803,-0.22772193058614243,-2.104489517116616,0.5043227665706052,-0.794451980063335,-3.2441431246163432,0.4899135446685879,0.25125300481396473,0.6793012811335233,0.4899135446685879,-0.2569736352785042,0,True,True,False,17490,no consistent edge
HIST200_SELL,SHORT,market,517,0.029559748427672956,-0.08473009941106575,-1.007079976010582,0.5338491295938105,-0.452347926227893,-2.3774032925483453,0.5261121856866537,-0.26361846170830505,-0.8283622932375604,0.4816247582205029,-0.26689882911575463,0,True,True,False,17490,no consistent edge
LOWER_HIGH,SHORT,market,565,0.03230417381360778,-0.1816627940350618,-2.193128663052934,0.46808510638297873,-0.3752464015900244,-2.1002570141780517,0.4716312056737589,-0.45279276147302383,-1.561487629117297,0.47771836007130125,-0.33656731903270337,0,True,True,False,17490,no consistent edge
FIB_236_LONG,LONG,market,182,0.010405946255002858,-0.20488217133395015,-1.6400100912276185,0.43956043956043955,-0.6767197364799854,-2.240220950646339,0.42857142857142855,-0.5551998330001631,-1.1717800987502425,0.4,-0.4789339136046995,0,True,True,False,17490,no consistent edge
SMART_DISTRIBUTION,SHORT,market,110,0.006289308176100629,-0.44827655118136644,-1.1274895704256267,0.4727272727272727,-0.6548690792747284,-1.0783987333876652,0.5181818181818182,-0.4089614756958164,-0.6276040924257812,0.5412844036697247,-0.5040357020506371,0,True,True,False,17490,no consistent edge
MASTER_LONG,LONG,score,53,0.0030303030303030303,-0.3654419383015005,-1.81912688493713,0.32075471698113206,-0.20235774828215763,-0.3730170455998208,0.49056603773584906,-1.0180679204126775,-1.4508870153038524,0.39622641509433965,-0.5286225356654451,0,False,True,False,17490,too few signals
MAJOR_STRUCTURE_FAILURE,EXIT100,market,21,0.0012006861063464838,-0.10803377068309365,-0.5271604618166548,0.5714285714285714,-0.41677646697262827,-0.6483746053930223,0.47619047619047616,-1.9842809543226085,-2.1457329893119406,0.3333333333333333,-0.8363637306594435,0,False,True,False,17490,too few signals
ENTRY_Q4,LONG,score,58,0.003316180674671241,-0.5783653707095655,-2.990275051379562,0.41379310344827586,-0.9327028512735944,-1.9503204827893637,0.3793103448275862,-2.1286038213873164,-3.022726055421169,0.39655172413793105,-1.2132240144568254,0,False,True,False,17490,too few signals
SUPPORT_BREAK,SHORT,market,77,0.00440251572327044,-1.1336496026905518,-2.1000768045496505,0.3246753246753247,-1.3560978973539444,-1.6840699104328196,0.36363636363636365,-1.1842889665920717,-1.2719286158347844,0.36,-1.2246788222121892,0,False,True,False,17490,too few signals
TREND_RESUME_05,SHORT,market,58,0.003316180674671241,-1.1417582863108728,-1.6148065950406152,0.41379310344827586,-2.0025887172652,-1.9356276574951845,0.46551724137931033,-1.3148653854396866,-1.2784802373848523,0.46551724137931033,-1.4864041296719197,0,False,True,False,17490,too few signals
HIST1000_BUY,LONG,market,30,0.0017152658662092624,-1.0738187607272334,-0.84736130431553,0.4666666666666667,-4.210377224743871,-1.8671972263631609,0.43333333333333335,-6.796494365836639,-2.710052354097443,0.36666666666666664,-4.026896783769248,0,False,True,False,17490,too few signals
MAJOR_DEMAND,LONG,market,30,0.0017152658662092624,-1.0738187607272334,-0.84736130431553,0.4666666666666667,-4.210377224743871,-1.8671972263631609,0.43333333333333335,-6.796494365836639,-2.710052354097443,0.36666666666666664,-4.026896783769248,0,False,True,False,17490,too few signals
FIB_500_LONG,LONG,market,0,0.0,,,,,,,,,,,0,False,True,False,17490,too few signals
FIB_618_LONG,LONG,market,1,5.717552887364208e-05,,,,,,,,,,,0,False,True,False,17490,too few signals
SMART_DEFENSE_LONG,LONG,market,0,0.0,,,,,,,,,,,0,False,True,False,17490,too few signals
SMART_DEFENSE_SHORT,SHORT,market,0,0.0,,,,,,,,,,,0,False,True,False,17490,too few signals
LIQUIDITY_VACUUM,EXIT,market,0,0.0,,,,,,,,,,,0,False,True,False,17490,too few signals
BARRIER_L4,EXIT75,market,0,0.0,,,,,,,,,,,0,False,True,False,17490,too few signals
BARRIER_L5,EXIT100,market,0,0.0,,,,,,,,,,,0,False,True,False,17490,too few signals
